Classifier,time_s
1-NN,1590.3458421230316
Decision Tree,12515.163005828857
Random Forest,4665.045486688614
GBM,1540.8253886699677
RBF SVM,112328.03549742699
Logistic Regression,3.2334203720092773
MLP,2212.4053571224213
Naïve Bayes,0
