Classifier,Accuracy,Balanced_accuracy,Recall,Specificity,AUC,MCC,Precision,F1-score
1-NN,0.7997157071783938,0.6814199713261317,0.5092693565976009,0.8535705860546625,0.6814199713261317,0.3275655082570684,0.39205260948649784,0.44303897541307613
Naïve Bayes,0.16486140724946696,0.504930523880784,0.999818247909851,0.01004279985171705,0.5049305238807841,0.03901801352682585,0.15773024429407043,0.2724751102085294
Decision Tree,0.8301634683724236,0.674297939139676,0.4474736459469284,0.9011222323324234,0.674297939139676,0.3513761206727077,0.45626389918458116,0.4518260231235089
Random Forest,0.794456289978678,0.7636543026366529,0.7188295165394402,0.8084790887338658,0.7636543026366529,0.429464708097136,0.4103548454036107,0.5224570673712021
GBM,0.8681449893390192,0.7103566920142017,0.48073427844420213,0.9399791055842012,0.7103566920142017,0.460793290280421,0.5976050610031631,0.532836422240129
MLP,0.7439658848614072,0.7366151097857229,0.7259178480552526,0.7473123715161931,0.7366151097857229,0.3665197023630696,0.3475461190393317,0.47004825232434977
RBF SVM,0.7276474769012082,0.729681968571938,0.732642675390767,0.7267212617531089,0.729681968571938,0.35098977683788446,0.33204283360790776,0.45697766693118697
Logistic Regression,0.7022601279317697,0.7099709994152548,0.7211922937113777,0.6987497051191319,0.7099709994152548,0.31650244624147267,0.3074300767025645,0.4310934868814167
