Classifier,time_s
15-NN,9.87322473526001
Decision Tree,251.3895401954651
Random Forest,44.07087826728821
GBM,81.89191389083862
MLP,1671.4017899036407
RBF SVM,71.12627959251404
Logistic Regression,0.2243494987487793
Naïve Bayes,0