Classifier,Accuracy,Balanced_accuracy,Recall,Specificity,AUC,MCC,Precision,F1-score
15-NN,0.8638253638253638,0.7832515184291539,0.611764705882353,0.9547383309759547,0.7832515184291539,0.6305690265707755,0.8297872340425532,0.7042889390519187
Naïve Bayes,0.7468814968814969,0.7926935130487838,0.8901960784313725,0.6951909476661952,0.7926935130487839,0.5184101268100548,0.5129943502824859,0.6508960573476702
Decision Tree,0.867983367983368,0.8199267825942258,0.7176470588235294,0.9222065063649222,0.8199267825942258,0.6544894187381564,0.7689075630252101,0.742393509127789
Random Forest,0.8347193347193347,0.6988906453670577,0.40980392156862744,0.987977369165488,0.6988906453670577,0.5452944568124607,0.9247787610619469,0.5679347826086957
GBM,0.9495841995841996,0.9349876584297085,0.903921568627451,0.9660537482319661,0.9349876584297084,0.8705217221930682,0.9056974459724951,0.9048086359175662
MLP,0.8976091476091476,0.8557520037718058,0.7666666666666667,0.9448373408769448,0.8557520037718057,0.731424031557113,0.8336886993603412,0.7987742594484167
RBF SVM,0.8924116424116424,0.830905233380481,0.7,0.9618104667609618,0.830905233380481,0.7126939124241577,0.8686131386861314,0.7752442996742671
Logistic Regression,0.8830561330561331,0.8289278087472614,0.7137254901960784,0.9441301272984441,0.8289278087472614,0.6897012100393356,0.8216704288939052,0.7639034627492131
