Classifier,time_s
35-NN,1.595815658569336
Decision Tree,3.086674451828003
Random Forest,5.384331703186035
GBM,10.396493434906006
MLP,1413.1417479515076
RBF SVM,3.460916757583618
Logistic Regression,0.05963540077209473
Naïve Bayes,0