Classifier,Accuracy,Balanced_accuracy,Recall,Specificity,AUC,MCC,Precision,F1-score
35-NN,0.5859030837004405,0.5848664803601925,0.3495575221238938,0.8201754385964912,0.5848664803601925,0.19245268454852046,0.6583333333333333,0.45664739884393063
Naïve Bayes,0.5903083700440529,0.5887672721627076,0.23893805309734514,0.9385964912280702,0.5887672721627077,0.24874617093422446,0.7941176470588235,0.3673469387755102
Decision Tree,0.6299559471365639,0.6297741034000932,0.588495575221239,0.6710526315789473,0.6297741034000932,0.2604596512771895,0.6394230769230769,0.6129032258064516
Random Forest,0.6718061674008811,0.6712078869740723,0.5353982300884956,0.8070175438596491,0.6712078869740724,0.35594632431455026,0.7333333333333333,0.618925831202046
GBM,0.6651982378854625,0.6650364850178543,0.6283185840707964,0.7017543859649122,0.6650364850178543,0.3309992757953349,0.6761904761904762,0.6513761467889908
MLP,0.6145374449339207,0.6136081353827045,0.4026548672566372,0.8245614035087719,0.6136081353827045,0.2507403118657835,0.6946564885496184,0.5098039215686274
RBF SVM,0.6211453744493393,0.6200512342803912,0.37168141592920356,0.868421052631579,0.6200512342803913,0.2768384341137054,0.7368421052631579,0.49411764705882355
Logistic Regression,0.6101321585903083,0.6092997981679864,0.42035398230088494,0.7982456140350878,0.6092997981679863,0.23620510174933032,0.6737588652482269,0.5177111716621253
