Classifier,time_s
7-NN,8.122955322265625
Decision Tree,161.46109175682068
Random Forest,26.322999000549316
GBM,70.57456254959106
MLP,1268.9634578227997
RBF SVM,40.611332416534424
Logistic Regression,0.19548821449279785
Naïve Bayes,0