Classifier,Accuracy,Balanced_accuracy,Recall,Specificity,AUC,MCC,Precision,F1-score
7-NN,0.6980108499095841,0.6097895228352178,0.2526416906820365,0.9669373549883991,0.6097895228352178,0.3325603494415352,0.821875,0.38648052902277735
Naïve Bayes,0.7045207956600361,0.7230913631591969,0.7982708933717579,0.6479118329466357,0.723091363159197,0.43270493054210524,0.5778859527121002,0.6704316256555063
Decision Tree,0.7493670886075949,0.6817988570689881,0.40826128722382327,0.9553364269141531,0.6817988570689882,0.45700505531479263,0.8466135458167331,0.5508749189889826
Random Forest,0.6477396021699819,0.5323708797760497,0.06532180595581172,0.9994199535962877,0.5323708797760497,0.2010916347562673,0.9855072463768116,0.12252252252252252
GBM,0.8535262206148282,0.816321703430799,0.6657060518731989,0.9669373549883991,0.8163217034307989,0.6894215030654912,0.924,0.7738693467336684
MLP,0.766003616636528,0.7522251828176993,0.696445725264169,0.8080046403712297,0.7522251828176993,0.5030480225970233,0.6865530303030303,0.6914639961850262
RBF SVM,0.7779385171790235,0.7296379195446105,0.5341018251681076,0.9251740139211136,0.7296379195446105,0.5154548633338669,0.8116788321167884,0.6442641946697567
Logistic Regression,0.7663652802893309,0.7527054902144332,0.6974063400576369,0.8080046403712297,0.7527054902144333,0.5039149484434774,0.6868495742667928,0.6920877025738799
