Classifier,time_s
1-NN,2.253800868988037
Decision Tree,9.799484252929688
Random Forest,14.340720891952515
GBM,61.53147268295288
MLP,2093.8480319976807
RBF SVM,15.497479915618896
Logistic Regression,0.07166242599487305
Naïve Bayes,0